{
  "ig_pvalues": [
    2.0079976435024273e-116,
    1.5225943654584298e-09,
    5.308389362533109e-60,
    3.2823285860096693e-20,
    7.313698401121331e-124,
    2.760255941562239e-51,
    2.4154893734640194e-40,
    3.3648007818875992e-09,
    2.0559091610586835e-95,
    0.023154325069731082,
    0.9883323309023528,
    1.4385203254990257e-10,
    1.904888167830274e-49,
    1.6669779231605043e-38,
    5.410412915247924e-86,
    0.003033979839327648,
    4.1771786544923844e-51,
    4.15883268607918e-59,
    3.716449298976649e-25,
    2.5021168488345053e-25,
    0.36137292406214916,
    1.0376388708846229e-33,
    1.667910159170418e-09,
    2.7112912167939204e-59,
    4.07248599252245e-24,
    2.6596516024623784e-35,
    7.21261219012834e-131,
    0.02313176909003449,
    0.0,
    3.337550066718074e-83,
    0.0,
    2.9194511505532058e-05,
    3.5925404893283567e-193,
    7.913070631538127e-40,
    6.316661068607396e-09,
    6.1850512631318484e-86,
    2.655278797599035e-209,
    1.6257748821821773e-12,
    9.071667169998813e-86,
    8.147062366978031e-95,
    2.0423269174041188e-141,
    1.0220186444862916e-39,
    2.058615924270773e-205,
    1.7724614031715416e-66,
    6.924666783089607e-131,
    4.139012895142655e-88,
    4.6305129054206437e-107,
    5.534212205519526e-140,
    7.06716975899476e-135,
    3.77679570518603e-17
  ],
  "shap_pvalues": [
    3.8190920054115503e-208,
    0.0,
    0.0,
    0.0,
    0.0,
    0.0,
    0.0,
    0.0,
    0.0,
    0.0,
    0.0,
    0.0,
    0.0,
    0.0,
    0.0,
    0.0,
    0.0,
    0.0,
    0.0,
    0.0,
    0.0,
    0.0,
    0.0,
    0.0,
    0.0,
    0.0,
    0.0,
    0.0,
    0.0,
    0.0,
    2.6481475292793626e-61,
    0.0,
    0.0,
    0.0,
    0.0,
    0.0,
    0.0,
    0.0,
    1.48933057675642e-144,
    0.0,
    0.0,
    0.0,
    0.0,
    0.0,
    0.0,
    5.218445381206082e-124,
    1.161929398483867e-184,
    3.852750933592917e-221,
    1.5585965177129804e-248,
    0.0
  ],
  "significant_features_ig": [
    0,
    1,
    2,
    3,
    4,
    5,
    6,
    7,
    8,
    11,
    12,
    13,
    14,
    15,
    16,
    17,
    18,
    19,
    21,
    22,
    23,
    24,
    25,
    26,
    28,
    29,
    30,
    31,
    32,
    33,
    34,
    35,
    36,
    37,
    38,
    39,
    40,
    41,
    42,
    43,
    44,
    45,
    46,
    47,
    48,
    49
  ],
  "significant_features_shap": [
    0,
    1,
    2,
    3,
    4,
    5,
    6,
    7,
    8,
    9,
    10,
    11,
    12,
    13,
    14,
    15,
    16,
    17,
    18,
    19,
    20,
    21,
    22,
    23,
    24,
    25,
    26,
    27,
    28,
    29,
    30,
    31,
    32,
    33,
    34,
    35,
    36,
    37,
    38,
    39,
    40,
    41,
    42,
    43,
    44,
    45,
    46,
    47,
    48,
    49
  ]
}