{
  "n_real_samples": 3022,
  "n_fake_samples": 3002,
  "avg_pred_real": 0.07813677674283913,
  "avg_pred_fake": 0.20819901595938253,
  "top_discriminative_features_ig": [
    [
      30,
      -0.02671137856706307
    ],
    [
      28,
      -0.01992997593211862
    ],
    [
      32,
      -0.016906776952715113
    ],
    [
      42,
      -0.01509820169755402
    ],
    [
      48,
      -0.01344114431829535
    ],
    [
      36,
      -0.013342442909588081
    ],
    [
      40,
      -0.013147083362659323
    ],
    [
      44,
      -0.013070066452693124
    ],
    [
      46,
      -0.011868510443459018
    ],
    [
      26,
      -0.011435892673274717
    ]
  ],
  "top_discriminative_features_shap": [
    [
      31,
      0.05003672217931093
    ],
    [
      39,
      0.0450789228113605
    ],
    [
      41,
      0.04406716129906785
    ],
    [
      40,
      0.04262954184475276
    ],
    [
      34,
      0.04140652975579989
    ],
    [
      44,
      0.0410586161419938
    ],
    [
      26,
      0.03940617661621004
    ],
    [
      37,
      0.03593658404843825
    ],
    [
      43,
      0.034280924521581047
    ],
    [
      5,
      0.033897015530546276
    ]
  ],
  "n_significant_features_ig": 46,
  "n_significant_features_shap": 50
}