{
  "temporal_patterns": {
    "real": {
      "avg_scores_by_position": [
        0.0009093756770837157,
        -0.0073613698728639,
        0.0009951945261759798,
        0.0021524122450192547,
        -0.005681204416035303,
        0.006280297390046614,
        -0.0009542349963260952,
        -0.001181074978092169,
        -0.009370463144916776,
        -0.0006358461358358289,
        -0.001912799890662841,
        -0.0014703680664389682,
        -0.0071927851983139566,
        0.001566422926009309,
        -0.003853355725138669,
        -0.010558182522186097,
        -0.006750860119584892,
        -0.007865881768913853,
        -0.008584424369789113,
        -0.0007686420558926524,
        -0.009131966384644245,
        -5.012321052302358e-05,
        -0.0006523514881453946,
        0.0010625029535634989,
        -0.009141675800314355,
        -0.0019261175442997348,
        0.00879189187000073,
        -0.016740824115628394,
        -0.03446286363178318,
        -0.005736963392600841,
        0.005968289543806135,
        -0.04027730912527328,
        0.018250100767642996,
        0.007209308926215797,
        -0.01316731252838825,
        -0.003038541427403602,
        0.005085869761914859,
        -0.02001276185821118,
        -0.013626897206479433,
        -0.06381407394835109,
        -0.02109876250038277,
        -0.08594964411538673,
        -0.06686718197980764,
        -0.013736050114008486,
        -0.011266938865266146,
        -0.01246985371214104,
        -0.023097209618836736,
        -0.09049283634824401,
        -0.025971466389408893,
        0.0036351067327766683
      ],
      "std_scores_by_position": [
        0.004688939124810098,
        0.003795625124656674,
        0.0037886160691040765,
        0.00440775056297982,
        0.004033500927501616,
        0.0055817893946907,
        0.00431762069073989,
        0.0030497450337247075,
        0.00503133013717162,
        0.0034326240916780354,
        0.0034363913962419655,
        0.003976396871204001,
        0.004151017934292552,
        0.0047167130390959955,
        0.004741511363024414,
        0.005599917705245871,
        0.004519871611113914,
        0.0048216599804592935,
        0.0033986834053762733,
        0.0032717472496209886,
        0.004878410170830478,
        0.0037840261370739895,
        0.0041973314418673425,
        0.004189783245886761,
        0.005245386329152362,
        0.0042525572507657,
        0.008694790442335468,
        0.011772129298450493,
        0.01583014484882764,
        0.010448308335530064,
        0.007188414765974175,
        0.01896501699446067,
        0.01115272374542601,
        0.007653428724589053,
        0.014671928325961592,
        0.01052384631497297,
        0.01187990642363146,
        0.013299064553330964,
        0.01722021879169616,
        0.028882852419625436,
        0.009829799341445296,
        0.04997341676115814,
        0.03496491752904824,
        0.009348746999313833,
        0.013346403633763576,
        0.013359095850386164,
        0.01312598108204663,
        0.04662808719252796,
        0.01803219898115666,
        0.007013005679042777
      ],
      "hotspot_regions": [],
      "n_samples": 3022
    },
    "fake": {
      "avg_scores_by_position": [
        0.023998219727089928,
        -0.01595767125050518,
        0.014922321092171082,
        0.03311468507948119,
        -0.027111516780233,
        0.040183487188798196,
        0.01194571839430823,
        0.008731146367250642,
        -0.02383858116367195,
        0.013387984174895014,
        0.01136511040827896,
        -0.004771295973384562,
        0.0023709985227147235,
        0.021228775825056133,
        0.003245238392185093,
        -0.02454635233982533,
        -0.012907868845612906,
        -0.026846058767221907,
        -0.008457920129977415,
        0.007459562132848572,
        -0.02671807543123308,
        0.01807302483255112,
        0.004942421696529163,
        0.016082354828089892,
        -0.0313073475643506,
        0.005199605170922784,
        0.03008902970351511,
        0.0030958757169302176,
        -0.09660577155937557,
        -0.016540879878816726,
        0.006408433213353442,
        -0.08323113576724359,
        0.1007802242439222,
        0.027078156908608018,
        -0.0396861889989653,
        0.059292495909638955,
        0.007671418996263558,
        -0.04226316476636613,
        -0.05227413680962846,
        -0.1662407959963404,
        -0.013000259097717994,
        -0.2802872603658654,
        -0.2255997160334217,
        -0.020337168583962856,
        -0.09145999794266248,
        -0.018583506101284546,
        -0.04919269684203301,
        -0.2693759785986181,
        -0.10906283746285489,
        0.016024210554194562
      ],
      "std_scores_by_position": [
        0.017021834910528416,
        0.012108157524093085,
        0.01299829334991929,
        0.019599528067135694,
        0.013760753684817545,
        0.023403502862894943,
        0.012414511299418144,
        0.011280804535387573,
        0.015272240573712972,
        0.014706874727786135,
        0.009786396474473656,
        0.012434924792324147,
        0.011536516458152117,
        0.017571383433759646,
        0.014868617010697882,
        0.013448827806976874,
        0.010653684878673735,
        0.01570362126023984,
        0.010238141766929623,
        0.011581096620276805,
        0.013099630169495518,
        0.016827784560130083,
        0.00932419077712562,
        0.015397915658727468,
        0.015332143687794227,
        0.014094193666269706,
        0.04135378658688385,
        0.02690862406112887,
        0.03705677246929672,
        0.03040770404563591,
        0.024573421542054854,
        0.03976896920816775,
        0.054868396445506555,
        0.029975618367162164,
        0.029608421925501206,
        0.04463608049542016,
        0.03922311700058104,
        0.02260688460172022,
        0.03207602983396911,
        0.05702919446920356,
        0.027110887811624722,
        0.0900582149642743,
        0.07669948482650411,
        0.03279948919548155,
        0.0480247746233732,
        0.03602446043598186,
        0.030190588354980414,
        0.07995631724690314,
        0.043393201508349355,
        0.024529017466623115
      ],
      "hotspot_regions": [],
      "n_samples": 3002
    },
    "comparison": {
      "divergence_metric": null,
      "interpretation": "Fake samples show more uniform high scores"
    }
  },
  "frequency_analysis": {
    "suspicious_bands": [],
    "comparison_heatmap": {
      "real_avg_spectrogram": null,
      "fake_avg_spectrogram": null,
      "difference_map": null
    },
    "band_statistics": {
      "real": {
        "0-500Hz": {
          "mean_energy": -39.58941037848139,
          "mean_variance": 16.78420669078735,
          "samples": 3022
        },
        "500-1000Hz": {
          "mean_energy": -44.51911178072133,
          "mean_variance": 14.678951889526141,
          "samples": 3022
        },
        "1000-1500Hz": {
          "mean_energy": -51.152806222586904,
          "mean_variance": 13.122969653671555,
          "samples": 3022
        },
        "1500-2000Hz": {
          "mean_energy": -52.584045654080874,
          "mean_variance": 12.494115642399427,
          "samples": 3022
        },
        "2000-2500Hz": {
          "mean_energy": -52.86811767990106,
          "mean_variance": 11.699666857747456,
          "samples": 3022
        },
        "2500-3000Hz": {
          "mean_energy": -44.467088602603326,
          "mean_variance": 5.496744089141892,
          "samples": 3022
        },
        "3000-3500Hz": {
          "mean_energy": -45.004826916446554,
          "mean_variance": 4.569719025335773,
          "samples": 3022
        },
        "3500-4000Hz": {
          "mean_energy": -45.44081598616691,
          "mean_variance": 4.328560614404935,
          "samples": 3022
        },