{
  "temporal_patterns": {
    "real": {
      "avg_scores_by_position": [
        -0.00016766426339745523,
        -0.007120360214263201,
        0.0006182093508541579,
        0.0013746792860329152,
        -0.004718098681420087,
        0.0060463971048593515,
        -0.0006289909556508064,
        -0.0006169128045439722,
        -0.009439380109310148,
        -0.0005163948088884442,
        -0.0023372901342809194,
        -0.0008918280117213748,
        -0.006956761870533228,
        0.0012789764031767737,
        -0.003940204069018362,
        -0.00945859759300947,
        -0.006089355848729611,
        -0.007367823731154203,
        -0.008467469919472934,
        -0.001203615915030241,
        -0.008283015970140693,
        0.00031120971217751505,
        -0.0004976891539990886,
        0.0003785093389451492,
        -0.009005050487816333,
        -0.0025089994966983795,
        0.010365917257964598,
        -0.015504555292427512,
        -0.030511469740420575,
        -0.007942604914307594,
        0.007049431374296516,
        -0.037642257358878814,
        0.01699823837541034,
        0.008095271071419129,
        -0.010136387251317476,
        -0.0024765977077186286,
        0.007254203192889681,
        -0.0180768312998116,
        -0.010352094311267138,
        -0.06114197496324775,
        -0.0179530098289252,
        -0.07371438470855356,
        -0.06441725229844451,
        -0.013830721158534289,
        -0.009043111108243474,
        -0.011330276278778908,
        -0.021815343905240293,
        -0.08217809919640422,
        -0.0210323644541204,
        0.002810847245156765
      ],
      "std_scores_by_position": [
        0.004489198505062381,
        0.0036596265589027522,
        0.003913457526921601,
        0.0036363263663143053,
        0.0033594659729221823,
        0.004643856288937158,
        0.0041006606587033635,
        0.0030414332192848855,
        0.004277598509615483,
        0.0031267723296565728,
        0.0033880158426409157,
        0.0040016397870766135,
        0.0038564785034929105,
        0.004299268842422852,
        0.004421021778679079,
        0.005345990040464348,
        0.0040490559954730705,
        0.0039052470306786893,
        0.003026956303584845,
        0.0029801018012773554,
        0.003897566935818741,
        0.0037348261815903934,
        0.003991987481508399,
        0.0038679313840890685,
        0.00442479418458313,
        0.00417764857982319,
        0.0071466417272101545,
        0.009761477539002434,
        0.014078300834778911,
        0.010235415215369817,
        0.00651152400530426,
        0.01830738879552964,
        0.00937330951503586,
        0.0061807083700562105,
        0.010684174759367341,
        0.008684327365967992,
        0.009506290975890548,
        0.012259629220462453,
        0.01174627248352197,
        0.026254370755257817,
        0.008510897203836852,
        0.04122998976305929,
        0.03315334840176713,
        0.008469248577417023,
        0.011090261350575234,
        0.012233389622001233,
        0.01173009826505428,
        0.0433349382584383,
        0.015374619096566393,
        0.0059060504874152405
      ],
      "hotspot_regions": [],
      "n_samples": 1000
    },
    "fake": {
      "avg_scores_by_position": [
        0.02396738141402602,
        -0.01551263017579913,
        0.014985111966729163,
        0.032679688811302184,
        -0.026772658169269558,
        0.03948249830305576,
        0.011681975472718478,
        0.008441718738526106,
        -0.023743140190839764,
        0.01281381498649716,
        0.011156739234924317,
        -0.004986876536160704,
        0.0020124258138239383,
        0.020903154294937845,
        0.002887449350208068,
        -0.024315913371741764,
        -0.012877028442919257,
        -0.0270174732170999,
        -0.00872165670245887,
        0.006752871740609408,
        -0.026038400799036014,
        0.01771480069309473,
        0.0045805890411138635,
        0.01517790177091956,
        -0.031060151070356368,
        0.004509336952120066,
        0.029285599511116714,
        0.0030401839762927403,
        -0.095855968568474,
        -0.017368134520947934,
        0.00542665955051771,
        -0.08235995215177529,
        0.09843560074269753,
        0.02588109336048377,
        -0.03915539132058612,
        0.05818185319751492,
        0.007388343639672025,
        -0.042101896829903125,
        -0.05188509937003255,
        -0.166008336469531,
        -0.013207381531597,
        -0.27725701650977136,
        -0.22437040574103595,
        -0.02147987284511328,
        -0.09044130844995374,
        -0.01856370725110193,
        -0.04880136750638483,
        -0.26724667977541683,
        -0.10796834861114621,
        0.01471628163382411
      ],
      "std_scores_by_position": [
        0.01734958847584874,
        0.01185609313331991,
        0.013373249440178467,
        0.019533512814110584,
        0.013906234619720077,
        0.023804901116873157,
        0.012655572234598959,
        0.011468629946679618,
        0.015083583390542882,
        0.01467955069956761,
        0.009714012007002849,
        0.012549631438188555,
        0.0113700001318566,
        0.018088278845052604,
        0.014275283217889838,
        0.013970378795986838,
        0.010619797455541277,
        0.016118117174302646,
        0.009501736041599835,
        0.011266490254403716,
        0.012743316535377722,
        0.017442040603855628,
        0.009032894862041228,
        0.014908177195226219,
        0.015665285630058957,
        0.013996400113705568,
        0.04091712478719544,
        0.02694702503446772,
        0.03746001368346028,
        0.028445904065033223,
        0.023647664629796564,
        0.03952716830805691,
        0.053925213511240036,
        0.028552473711223495,
        0.02957943504636522,
        0.04401166116630048,
        0.03983046046702218,
        0.022553035140780338,
        0.032561616412122234,
        0.05649885250450185,
        0.025592075386477318,
        0.09182090131095748,
        0.07825428206349926,
        0.03143527310315691,
        0.04801560124618445,
        0.0365273542427778,
        0.030618415177171576,
        0.08189059402342419,
        0.04378550437874261,
        0.023158812415059578
      ],
      "hotspot_regions": [],
      "n_samples": 1000
    },
    "comparison": {
      "divergence_metric": null,
      "interpretation": "Similar temporal patterns"
    }
  },
  "frequency_analysis": {
    "suspicious_bands": [],
    "comparison_heatmap": {
      "real_avg_spectrogram": null,
      "fake_avg_spectrogram": null,
      "difference_map": null
    },
    "band_statistics": {
      "real": {
        "0-500Hz": {
          "mean_energy": -36.848958226094624,
          "mean_variance": 14.193820708865976,
          "samples": 1000
        },
        "500-1000Hz": {
          "mean_energy": -42.064125958025556,
          "mean_variance": 12.82619570184427,
          "samples": 1000
        },
        "1000-1500Hz": {
          "mean_energy": -48.37781690309963,
          "mean_variance": 11.247736520430903,
          "samples": 1000
        },
        "1500-2000Hz": {
          "mean_energy": -49.95435359181134,
          "mean_variance": 10.775874748676971,
          "samples": 1000
        },
        "2000-2500Hz": {
          "mean_energy": -50.7446521226866,
          "mean_variance": 9.929768857700346,
          "samples": 1000
        },
        "2500-3000Hz": {
          "mean_energy": -44.23228667187741,
          "mean_variance": 5.290279602141518,
          "samples": 1000
        },
        "3000-3500Hz": {
          "mean_energy": -44.878132322072496,
          "mean_variance": 4.449452316811259,
          "samples": 1000
        },
        "3500-4000Hz": {
          "mean_energy": -45.5399159732648,
          "mean_variance": 4.071714601801401,
          "samples": 1000
        },